학교구분,학교명,본분교,학제,지역,설립구분,주소,학교홈페이지
대학,국립강릉원주대학교,본교,대학교,강원,국립,강원특별자치도 강릉시 죽헌길 7 (지변동) ,www.gwnu.ac.kr
대학,국립강릉원주대학교,제2캠퍼스,대학교,강원,국립,강원특별자치도 원주시 흥업면 남원로 150 ,www.gwnu.ac.kr
대학,강원대학교,본교,대학교,강원,국립,강원특별자치도 춘천시 강원대학길 1 (효자동) ,www.kangwon.ac.kr/
대학,강원대학교,제2캠퍼스,대학교,강원,국립,강원특별자치도 삼척시 중앙로 346 (교동) ,www.kangwon.ac.kr/
대학,경북대학교,본교,대학교,대구,국립,"대구광역시 북구 대학로 80 (산격동, 경북대학교) ",www.knu.ac.kr
대학,경상국립대학교,본교,대학교,경남,국립,경상남도 진주시 진주대로 501 (가좌동) ,www.gnu.ac.kr
대학,국립공주대학교,본교,대학교,충남,국립,"충청남도 공주시 공주대학로 56 (신관동, 공주대학교) ",www.kongju.ac.kr
대학,국립군산대학교,본교,대학교,전북,국립,"전라북도 군산시 대학로 558 (미룡동, 군산대학교) ",www.kunsan.ac.kr
대학,국립금오공과대학교,본교,대학교,경북,국립,"경상북도 구미시 대학로 61 (양호동, 금오공과대학교) ",www.kumoh.ac.kr
대학,국립목포대학교,본교,대학교,전남,국립,"전라남도 무안군 청계면 영산로 1666 (도림리, 목포대학교) ",www.mokpo.ac.kr
대학,국립목포해양대학교,본교,대학교,전남,국립,"전라남도 목포시 해양대학로 91 (죽교동, 목포해양대학교) ",www.mmu.ac.kr
대학,국립부경대학교,본교,대학교,부산,국립,"부산광역시 남구 용소로 45 (대연동, 부경대학교대연캠퍼스) ",www.pknu.ac.kr
대학,부산대학교,본교,대학교,부산,국립,"부산광역시 금정구 부산대학로63번길 2 (장전동, 부산대학교) ",www.pusan.ac.kr
대학,서울대학교,본교,대학교,서울,국립대법인,"서울특별시 관악구 관악로 1 (신림동, 서울대학교) ",www.snu.ac.kr
대학,국립순천대학교,본교,대학교,전남,국립,"전라남도 순천시 중앙로 255 (석현동, 순천대학교) ",www.scnu.ac.kr/SCNU/main.do
대학,국립안동대학교,본교,대학교,경북,국립,"경상북도 안동시 경동로 1375 (송천동, 안동대학교) ",www.andong.ac.kr/main/index.do
대학,전남대학교,본교,대학교,광주,국립,"광주광역시 북구 용봉로 45 (용봉동, 전남대학교) ",www.chonnam.ac.kr
대학,전남대학교,제2캠퍼스,대학교,전남,국립,"전라남도 여수시 대학로 50 (둔덕동, 전남대학교여수캠퍼스) ",www.chonnam.ac.kr
대학,전북대학교,본교,대학교,전북,국립,"전라북도 전주시 덕진구 백제대로 567 (금암동, 전북대학교) ",www.jbnu.ac.kr
대학,제주대학교,본교,대학교,제주,국립,"제주특별자치도 제주시 제주대학로 102 (아라일동, 제주대학교) ",www.jejunu.ac.kr
대학,국립창원대학교,본교,대학교,경남,국립,"경상남도 창원시 의창구 창원대학로 20 (사림동, 창원대학교) ",www.changwon.ac.kr
대학,충남대학교,본교,대학교,대전,국립,"대전광역시 유성구 대학로 99 (궁동, 충남대학교) ",www.cnu.ac.kr
대학,충북대학교,본교,대학교,충북,국립,"충청북도 청주시 서원구 충대로 1 (개신동, 충북대학교) ",www.chungbuk.ac.kr
대학,한국교원대학교,본교,대학교,충북,국립,"충청북도 청주시 흥덕구 강내면 태성탑연로 250 (다락리, 한국교원대학교) ",www.knue.ac.kr
대학,한국체육대학교,본교,대학교,서울,국립,"서울특별시 송파구 양재대로 1239 (방이동, 한국체육대학교) ",www.knsu.ac.kr/
대학,국립한국해양대학교,본교,대학교,부산,국립,"부산광역시 영도구 태종로 727 (동삼동, 한국해양대학교) ",www.kmou.ac.kr
대학,국립한국교통대학교,본교,대학교,충북,국립,"충청북도 충주시 대소원면 대학로 50 (검단리, 한국교통대학교) ",www.ut.ac.kr
대학,서울과학기술대학교,본교,대학교,서울,국립,"서울특별시 노원구 공릉로 232 (공릉동, 서울과학기술대학교) ",www.seoultech.ac.kr
대학,한경국립대학교,본교,대학교,경기,국립,"경기도 안성시 중앙로 327 (석정동, 한경대학교) ",www.hknu.ac.kr
대학,국립한밭대학교,본교,대학교,대전,국립,"대전광역시 유성구 동서대로 125 (덕명동, 한밭대학교) ",www.hanbat.ac.kr
대학,서울시립대학교,본교,대학교,서울,공립,"서울특별시 동대문구 서울시립대로 163 (전농동, 서울시립대학교) ",www.uos.ac.kr
대학,가톨릭대학교,본교,대학교,경기,사립,"경기도 부천시 원미구 지봉로 43 (역곡동, 가톨릭대학교성심교정) ",www.catholic.ac.kr
대학,가톨릭대학교,제2캠퍼스,대학교,서울,사립,"서울특별시 서초구 반포대로 222 (반포동, 가톨릭대학교성의교정) ",www.catholic.ac.kr
대학,가톨릭대학교,제3캠퍼스,대학교,서울,사립,"서울특별시 종로구 창경궁로 296-12 (혜화동, 가톨릭대학교성신교정) ",www.catholic.ac.kr
대학,감리교신학대학교,본교,대학교,서울,사립,"서울특별시 서대문구 독립문로 56 (냉천동, 감리교신학대학) ",www.mtu.ac.kr
대학,강남대학교,본교,대학교,경기,사립,"경기도 용인시 기흥구 강남로 40 (구갈동, 강남대학교) ",www.kangnam.ac.kr
대학,건국대학교,본교,대학교,서울,사립,"서울특별시 광진구 능동로 120 (화양동, 건국대학교) ",www.konkuk.ac.kr
대학,건국대학교(글로컬),분교,대학교,충북,사립,"충청북도 충주시 충원대로 268 (단월동, 건국대학교 글로컬캠퍼스) ",www.kku.ac.kr
대학,건양대학교,본교,대학교,충남,사립,"충청남도 논산시 대학로 121 (내동, 건양대학교) ",www.konyang.ac.kr
대학,건양대학교,제2캠퍼스,대학교,대전,사립,"대전광역시 서구 관저동로 158 (관저동, 건양대학교병원) ",www.konyang.ac.kr
대학,경기대학교,본교,대학교,경기,사립,"경기도 수원시 영통구 광교산로 154-42 (이의동, 경기대학교) ",www.kyonggi.ac.kr
대학,경기대학교,제2캠퍼스,대학교,서울,사립,"서울특별시 서대문구 경기대로9길 24 (충정로2가, 경기대학교) ",www.kyonggi.ac.kr
대학,경남대학교,본교,대학교,경남,사립,"경상남도 창원시 마산합포구 경남대학로 7 (월영동, 경남대학교) ",www.kyungnam.ac.kr
대학,경동대학교,본교,대학교,강원,사립,강원특별자치도 고성군 토성면 봉포4길 46 ,www.kduniv.ac.kr
대학,대구한의대학교,본교,대학교,경북,사립,경상북도 경산시 한의대로 1(유곡동) ,www.dhu.ac.kr
대학,경성대학교,본교,대학교,부산,사립,"부산광역시 남구 수영로 309 (대연동, 경성대학교) ",ks.ac.kr
대학,가천대학교,본교,대학교,경기,사립,"경기도 성남시 수정구 성남대로 1342 (복정동, 가천대학교) ",www.gachon.ac.kr
대학,경일대학교,본교,대학교,경북,사립,"경상북도 경산시 하양읍 가마실길 50 (부호리, 경일대학교) ",www.kiu.ac.kr
대학,신경주대학교,본교,대학교,경북,사립,"경상북도 경주시 태종로 188 (효현동, 경주대학교) ",www.gju.ac.kr
대학,경희대학교,본교,대학교,서울,사립,"서울특별시 동대문구 경희대로 26 (회기동, 경희대학교) ",www.khu.ac.kr
대학,계명대학교,본교,대학교,대구,사립,"대구광역시 달서구 달구벌대로 1095 (신당동, 계명대학교성서캠퍼스) ",www.kmu.ac.kr
대학,고려대학교,본교,대학교,서울,사립,"서울특별시 성북구 안암로 145 (안암동5가, 고려대학교안암캠퍼스(인문사회계)) ",www.korea.ac.kr
대학,고려대학교(세종),분교,대학교,세종,사립,"세종특별자치시 조치원읍 세종로 2511 (서창리, 고려대학교세종캠퍼스) ",sejong.korea.ac.kr
대학,고신대학교,본교,대학교,부산,사립,"부산광역시 영도구 와치로 194 (동삼동, 고신대학교) ",www.kosin.ac.kr
대학,가톨릭관동대학교,본교,대학교,강원,사립,강원특별자치도 강릉시 범일로579번길 24 (내곡동) ,www.cku.ac.kr
대학,광신대학교,본교,대학교,광주,사립,"광주광역시 북구 양산택지소로 36 (본촌동, 광신대학교) ",www.kwangshin.ac.kr
대학,광운대학교,본교,대학교,서울,사립,"서울특별시 노원구 광운로 20 (월계동, 광운대학교) ",www.kw.ac.kr
대학,광주가톨릭대학교,본교,대학교,전남,사립,"전라남도 나주시 남평읍 중남길 12-25 (남석리, 광주가톨릭대학교) ",www.gjcatholic.ac.kr
대학,광주여자대학교,본교,대학교,광주,사립,광주광역시 광산구 광주여대길 40 (산정동) ,www.kwu.ac.kr
대학,국민대학교,본교,대학교,서울,사립,"서울특별시 성북구 정릉로 77 (정릉동, 국민대학교) ",www.kookmin.ac.kr
대학,강서대학교,본교,대학교,서울,사립,"서울특별시 강서구 까치산로24길 47 (화곡동, 케이씨대학교) ",gangseo.ac.kr
대학,극동대학교,본교,대학교,충북,사립,"충청북도 음성군 감곡면 대학길 76-32 (왕장리, 극동대학교) ",www.kdu.ac.kr
대학,나사렛대학교,본교,대학교,충남,사립,"충청남도 천안시 서북구 월봉로 48 (쌍용동, 나사렛대학교) ",www.kornu.ac.kr
대학,단국대학교,본교,대학교,경기,사립,"경기도 용인시 수지구 죽전로 152 (죽전동, 단국대학교) ",www.dankook.ac.kr
대학,대구대학교,본교,대학교,경북,사립,"경상북도 경산시 진량읍 대구대로 201 (내리리, 대구대학교경산캠퍼스) ",www.daegu.ac.kr
대학,대구예술대학교,본교,대학교,경북,사립,"경상북도 칠곡군 가산면 다부거문1길 202 (다부리, 대구예술대학교) ",www.dgau.ac.kr
대학,대구가톨릭대학교,본교,대학교,경북,사립,"경상북도 경산시 하양읍 하양로 13-13 (금락리, 대구가톨릭대학교) ",www.cu.ac.kr
대학,세한대학교,본교,대학교,전남,사립,"전라남도 영암군 삼호읍 녹색로 1113 (산호리, 세한대학교) ",www.sehan.ac.kr
대학,대신대학교,본교,대학교,경북,사립,"경상북도 경산시 경청로222길 33 (백천동, 대신대학교) ",www.daeshin.ac.kr
대학,대전가톨릭대학교,본교,대학교,세종,사립,"세종특별자치시 전의면 가톨릭대학로 30 (신방리, 대전가톨릭대학교) ",www.dcatholic.ac.kr
대학,대전대학교,본교,대학교,대전,사립,"대전광역시 동구 대학로 62 (용운동, 대전대학교) ",www.dju.ac.kr
대학,대진대학교,본교,대학교,경기,사립,"경기도 포천시 호국로 1007 (선단동, 대진대학교) ",www.daejin.ac.kr
대학,서울기독대학교,본교,대학교,서울,사립,"서울특별시 은평구 갈현로4길 26-2 (신사동, 서울기독대학교) ",www.scu.ac.kr
대학,덕성여자대학교,본교,대학교,서울,사립,"서울특별시 도봉구 삼양로144길 33 (쌍문동, 덕성여자대학교) ",www.duksung.ac.kr
대학,동국대학교,본교,대학교,서울,사립,"서울특별시 중구 필동로1길 30 (장충동2가, 동국대학교) ",www.dongguk.edu
대학,동국대학교(WISE),분교,대학교,경북,사립,경상북도 경주시 동대로 123(석장동) ,wise.dongguk.ac.kr
대학,동덕여자대학교,본교,대학교,서울,사립,"서울특별시 성북구 화랑로13길 60 (하월곡동, 동덕여자대학교) ",www.dongduk.ac.kr
대학,동서대학교,본교,대학교,부산,사립,"부산광역시 사상구 주례로 47 (주례동, 동서대학교) ",www.dongseo.ac.kr
대학,동신대학교,본교,대학교,전남,사립,전라남도 나주시 동신대길 67 (대호동) ,www.dsu.ac.kr
대학,동아대학교,본교,대학교,부산,사립,"부산광역시 사하구 낙동대로550번길 37 (하단동, 동아대학교) ",www.donga.ac.kr
대학,동양대학교,본교,대학교,경북,사립,"경상북도 영주시 풍기읍 동양대로 145 (산법리, 동양대학교) ",www.dyu.ac.kr
대학,동의대학교,본교,대학교,부산,사립,"부산광역시 부산진구 엄광로 176 (가야동, 동의대학교) ",www.deu.ac.kr
대학,루터대학교,본교,대학교,경기,사립,"경기도 용인시 기흥구 금화로82번길 20 (상갈동, 루터대학교) ",www.ltu.ac.kr
대학,명지대학교,본교,대학교,경기,사립,"경기도 용인시 처인구 명지로 116 (남동, 명지대학교용인캠퍼스) ",www.mju.ac.kr
대학,명지대학교,제2캠퍼스,대학교,서울,사립,"서울특별시 서대문구 거북골로 34 (남가좌동, 명지대학교) ",www.mju.ac.kr
대학,목원대학교,본교,대학교,대전,사립,"대전광역시 서구 도안북로 88 (도안동, 목원대학교) ",www.mokwon.ac.kr
대학,배재대학교,본교,대학교,대전,사립,"대전광역시 서구 배재로 155-40 (도마동, 배재대학교) ",www.pcu.ac.kr
대학,부산가톨릭대학교,본교,대학교,부산,사립,"부산광역시 금정구 오륜대로 57 (부곡동, 부산가톨릭대학교) ",www.cup.ac.kr
대학,부산외국어대학교,본교,대학교,부산,사립,"부산광역시 금정구 금샘로485번길 65 (남산동, 부산외국어대학교) ",www.bufs.ac.kr
대학,삼육대학교,본교,대학교,서울,사립,"서울특별시 노원구 화랑로 815 (공릉동, 삼육대학교) ",www.syu.ac.kr
대학,상명대학교,본교,대학교,서울,사립,"서울특별시 종로구 홍지문2길 20 (홍지동, 상명대학교) ",www.smu.ac.kr
대학,상지대학교,본교,대학교,강원,사립,강원특별자치도 원주시 상지대길 83 (우산동) ,www.sangji.ac.kr
대학,서강대학교,본교,대학교,서울,사립,"서울특별시 마포구 백범로 35 (신수동, 서강대학교) ",www.sogang.ac.kr
대학,서경대학교,본교,대학교,서울,사립,"서울특별시 성북구 서경로 124 (정릉동, 서경대학교) ",www.skuniv.ac.kr
대학,서울신학대학교,본교,대학교,경기,사립,"경기도 부천시 소사구 호현로489번길 52 (소사본동, 서울신학대학교) ",www.stu.ac.kr
대학,서울여자대학교,본교,대학교,서울,사립,"서울특별시 노원구 화랑로 621 (공릉동, 서울여자대학교) ",www.swu.ac.kr
대학,서울장신대학교,본교,대학교,경기,사립,"경기도 광주시 경안로 145 (경안동, 서울장신대학교) ",www.sjs.ac.kr
대학,서원대학교,본교,대학교,충북,사립,"충청북도 청주시 서원구 무심서로 377-3 (모충동, 서원대학교) ",www.seowon.ac.kr
대학,선문대학교,본교,대학교,충남,사립,"충청남도 아산시 탕정면 선문로221번길 70 (갈산리, 선문대학교) ",www.sunmoon.ac.kr
대학,성결대학교,본교,대학교,경기,사립,"경기도 안양시 만안구 성결대학로 53 (안양동, 성결대학교) ",www.sungkyul.ac.kr
대학,성공회대학교,본교,대학교,서울,사립,"서울특별시 구로구 연동로 320 (항동, 성공회대학교) ",www.skhu.ac.kr
대학,성균관대학교,본교,대학교,서울,사립,"서울특별시 종로구 성균관로 25-2 (명륜3가, 성균관대학교) ",www.skku.edu
대학,성신여자대학교,본교,대학교,서울,사립,"서울특별시 성북구 보문로34다길 2 (돈암동, 성신여자대학교) ",www.sungshin.ac.kr
대학,세명대학교,본교,대학교,충북,사립,"충청북도 제천시 세명로 65 (신월동, 세명대학교) ",www.semyung.ac.kr
대학,세종대학교,본교,대학교,서울,사립,"서울특별시 광진구 능동로 209 (군자동, 세종대학교) ",www.sejong.ac.kr
대학,수원가톨릭대학교,본교,대학교,경기,사립,"경기도 화성시 봉담읍 왕림1길 67 (왕림리, 수원가톨릭대학교) ",www.suwoncatholic.ac.kr
대학,수원대학교,본교,대학교,경기,사립,"경기도 화성시 봉담읍 와우안길 17 (와우리, 수원대학교) ",www.suwon.ac.kr
대학,숙명여자대학교,본교,대학교,서울,사립,"서울특별시 용산구 청파로47길 90 (청파동2가, 숙명여자대학교) ",www.sookmyung.ac.kr/
대학,순천향대학교,본교,대학교,충남,사립,"충청남도 아산시 신창면 순천향로 22 (읍내리, 순천향대학교) ",www.sch.ac.kr/
대학,숭실대학교,본교,대학교,서울,사립,"서울특별시 동작구 상도로 369 (상도동, 숭실대학교) ",www.ssu.ac.kr
대학,신라대학교,본교,대학교,부산,사립,"부산광역시 사상구 백양대로700번길 140 (괘법동, 신라대학교) ",www.silla.ac.kr
대학,아신대학교,본교,대학교,경기,사립,경기도 양평군 옥천면 경강로 1276 아신대학교,www.acts.ac.kr
대학,아주대학교,본교,대학교,경기,사립,"경기도 수원시 영통구 월드컵로 206 (원천동, 아주대학교) ",www.ajou.ac.kr
대학,안양대학교,본교,대학교,경기,사립,"경기도 안양시 만안구 삼덕로37번길 22 (안양동, 안양대학교) ",www.anyang.ac.kr/main/index.do
대학,안양대학교,제2캠퍼스,대학교,인천,사립,"인천광역시 강화군 불은면 중앙로 602-14 (삼성리, 안양대학교강화캠퍼스) ",www.anyang.ac.kr/main/index.do
대학,연세대학교,본교,대학교,서울,사립,"서울특별시 서대문구 연세로 50 (신촌동, 연세대학교) ",www.yonsei.ac.kr
대학,연세대학교(미래),분교,대학교,강원,사립,강원특별자치도 원주시 흥업면 연세대길 1 연세대학교 미래캠퍼스,www.yonsei.ac.kr/wj
대학,영남대학교,본교,대학교,경북,사립,"경상북도 경산시 대학로 280 (대동, 영남대학교) ",www.yu.ac.kr
대학,영남신학대학교,본교,대학교,경북,사립,"경상북도 경산시 진량읍 봉회1길 26 (봉회리, 영남신학대학교) ",www.ytus.ac.kr
대학,유원대학교,본교,대학교,충북,사립,충청북도 영동군 영동읍 대학로 310 ,www.U1.ac.kr
대학,영산선학대학교,본교,대학교,전남,사립,전라남도 영광군 백수읍 성지로 1357 (길용리) ,www.youngsan.ac.kr
대학,용인대학교,본교,대학교,경기,사립,"경기도 용인시 처인구 용인대학로 134 (삼가동, 용인대학교) ",www.yongin.ac.kr
대학,우석대학교,본교,대학교,전북,사립,"전라북도 완주군 삼례읍 삼례로 443 (후정리, 우석대학교) ",www.woosuk.ac.kr
대학,울산대학교,본교,대학교,울산,사립,"울산광역시 남구 대학로 93 (무거동, 울산대학교) ",www.ulsan.ac.kr
대학,원광대학교,본교,대학교,전북,사립,"전라북도 익산시 익산대로 460 (신동, 원광대학교) ",www.wku.ac.kr
대학,위덕대학교,본교,대학교,경북,사립,"경상북도 경주시 강동면 동해대로 261 (유금리, 위덕대학교) ",www.uu.ac.kr
대학,을지대학교,본교,대학교,대전,사립,"대전광역시 중구 계룡로771번길 77 (목동, 을지대학교대전캠퍼스) ",www.eulji.ac.kr
대학,을지대학교,제2캠퍼스,대학교,경기,사립,"경기도 성남시 수정구 산성대로 553 (양지동, 을지대학교) ",www.eulji.ac.kr
대학,이화여자대학교,본교,대학교,서울,사립,"서울특별시 서대문구 이화여대길 52 (대현동, 이화여자대학교) ",www.ewha.ac.kr
대학,인제대학교,본교,대학교,경남,사립,"경상남도 김해시 인제로 197 (어방동, 인제대학교) ",www.inje.ac.kr
대학,인제대학교,제2캠퍼스,대학교,부산,사립,"부산광역시 부산진구 복지로 75 (개금동, 백병원) ",www.inje.ac.kr
대학,인천가톨릭대학교,제2캠퍼스,대학교,인천,사립,인천광역시 연수구 송도문화로120번길 20 (송도동) 인천가톨릭대학교,www.iccu.ac.kr
대학,인천가톨릭대학교,본교,대학교,인천,사립,"인천광역시 강화군 양도면 고려왕릉로 53-1 (도장리, 인천가톨릭대학교) ",www.iccu.ac.kr
대학,인하대학교,본교,대학교,인천,사립,인천광역시 미추홀구 인하로 100(용현동) 인하대학교,www.inha.ac.kr
대학,장로회신학대학교,본교,대학교,서울,사립,"서울특별시 광진구 광장로5길 25-1 (광장동, 장로회신학대학교) ",www.puts.ac.kr
대학,전주대학교,본교,대학교,전북,사립,"전라북도 전주시 완산구 천잠로 303 (효자동2가, 전주대학교) ",www.jj.ac.kr
대학,조선대학교,본교,대학교,광주,사립,광주광역시 동구 조선대길 146(서석동) ,www.chosun.ac.kr
대학,중부대학교,본교,대학교,충남,사립,"충청남도 금산군 추부면 대학로 201 (마전리, 중부대학교) ",www.joongbu.ac.kr
대학,중앙대학교,제2캠퍼스,대학교,경기,사립,"경기도 안성시 대덕면 서동대로 4726 (내리, 중앙대학교) ",www.cau.ac.kr
대학,중앙대학교,본교,대학교,서울,사립,"서울특별시 동작구 흑석로 84 (흑석동, 중앙대학교) ",www.cau.ac.kr
대학,중앙승가대학교,본교,대학교,경기,사립,경기도 김포시 승가로 123 (풍무동) ,admission.sangha.ac.kr
대학,백석대학교,본교,대학교,충남,사립,충청남도 천안시 동남구 백석대학로 1 (안서동) ,www.bu.ac.kr
대학,청주대학교,본교,대학교,충북,사립,"충청북도 청주시 청원구 대성로 298 (내덕동, 청주대학교) ",www.cju.ac.kr
대학,총신대학교,본교,대학교,서울,사립,"서울특별시 동작구 사당로 143 (사당동, 총신대학교) ",www.chongshin.ac.kr
대학,추계예술대학교,본교,대학교,서울,사립,"서울특별시 서대문구 북아현로11가길 7 (북아현동, 추계예술대학교) ",www.chugye.ac.kr
대학,한국침례신학대학교,본교,대학교,대전,사립,"대전광역시 유성구 북유성대로 190 (하기동, 침례신학대학) ",www.kbtus.ac.kr
대학,칼빈대학교,본교,대학교,경기,사립,"경기도 용인시 기흥구 마북로 184 (마북동, 칼빈대학교) ",www.calvin.ac.kr
대학,평택대학교,본교,대학교,경기,사립,"경기도 평택시 서동대로 3825 (용이동, 평택대학교) ",www.ptu.ac.kr
대학,차의과학대학교,본교,대학교,경기,사립,"경기도 포천시 해룡로 120 (동교동, 포천중문의과대학) 차의과학대학교",www.cha.ac.kr
대학,포항공과대학교,본교,대학교,경북,사립,"경상북도 포항시 남구 청암로 77 (지곡동, 포항공과대학교) ",www.postech.ac.kr
대학,한국기술교육대학교,본교,대학교,충남,사립,"충청남도 천안시 동남구 병천면 충절로 1600 (가전리, 한국기술교육대학교) ",www.koreatech.ac.kr
대학,한국성서대학교,본교,대학교,서울,사립,"서울특별시 노원구 동일로214길 32 (상계동, 한국성서대학교) ",www.bible.ac.kr
대학,한국외국어대학교,본교,대학교,서울,사립,"서울특별시 동대문구 이문로 107 (이문동, 한국외국어대학교) ",www.hufs.ac.kr
대학,한국항공대학교,본교,대학교,경기,사립,"경기도 고양시 덕양구 항공대학로 76 (화전동, 한국항공대학교) ",www.kau.ac.kr
대학,한남대학교,본교,대학교,대전,사립,"대전광역시 대덕구 한남로 70 (오정동, 한남대학교) ",www.hannam.ac.kr
대학,한동대학교,본교,대학교,경북,사립,"경상북도 포항시 북구 흥해읍 한동로 558 (남송리, 한동대학교) ",www.handong.edu
대학,한라대학교,본교,대학교,강원,사립,강원특별자치도 원주시 흥업면 한라대길 28 ,www.halla.ac.kr
대학,한림대학교,본교,대학교,강원,사립,강원특별자치도 춘천시 한림대학길 1 (옥천동) ,www.hallym.ac.kr
대학,한서대학교,본교,대학교,충남,사립,"충청남도 서산시 해미면 한서1로 46 (대곡리, 한서대학교) ",www.hanseo.ac.kr
대학,한성대학교,본교,대학교,서울,사립,"서울특별시 성북구 삼선교로16길 116 (삼선동2가, 한성대학교) ",www.hansung.ac.kr
대학,한세대학교,본교,대학교,경기,사립,경기도 군포시 한세로 30 (당정동) ,www.hansei.ac.kr
대학,한신대학교,본교,대학교,경기,사립,"경기도 오산시 한신대길 137 (양산동, 한신대학교) ",www.hs.ac.kr
대학,한양대학교,본교,대학교,서울,사립,"서울특별시 성동구 왕십리로 222 (사근동, 한양대학교) ",www.hanyang.ac.kr
대학,한양대학교(ERICA),분교,대학교,경기,사립,"경기도 안산시 상록구 한양대학로 55 (사동, 한양대학교) ",www.hanyang.ac.kr
대학,서울한영대학교,본교,대학교,서울,사립,서울특별시 구로구 경인로 290-42 (개봉동) ,shyu.ac.kr
대학,한일장신대학교,본교,대학교,전북,사립,"전라북도 완주군 상관면 왜목로 726-15 (신리, 한일장신대학교) ",www.hanil.ac.kr
대학,협성대학교,본교,대학교,경기,사립,"경기도 화성시 봉담읍 최루백로 72 (상리, 협성대학교) ",www.uhs.ac.kr
대학,호남대학교,본교,대학교,광주,사립,"광주광역시 광산구 호남대길 120 (서봉동, 호남대학본부) ",www.honam.ac.kr
대학,호남신학대학교,본교,대학교,광주,사립,"광주광역시 남구 제중로 77 (양림동, 호남신학대학교) ",www.htus.ac.kr
대학,호서대학교,본교,대학교,충남,사립,"충청남도 아산시 배방읍 호서로79번길 20 (세출리, 호서대학교) ",www.hoseo.ac.kr
대학,홍익대학교,본교,대학교,서울,사립,"서울특별시 마포구 와우산로 94 (상수동, 홍익대학교) ",www.hongik.ac.kr/
대학,가톨릭꽃동네대학교,본교,대학교,충북,사립,"충청북도 청주시 서원구 현도면 상삼길 133 (상삼리, 꽃동네대학교) ",www.kkot.ac.kr
대학,남부대학교,본교,대학교,광주,사립,광주광역시 광산구 남부대길 1 (월계동) ,www.nambu.ac.kr
대학,예원예술대학교,본교,대학교,전북,사립,"전라북도 임실군 신평면 창인로 117 (창인리, 예원예술학교) ",www.yewon.ac.kr
대학,예원예술대학교,제2캠퍼스,대학교,경기,사립,경기도 양주시 은현면 예원대학로 56 ,www.yewon.ac.kr
대학,목포가톨릭대학교,본교,대학교,전남,사립,"전라남도 목포시 영산로 697 (석현동, 목포가톨릭대학교) ",www.mcu.ac.kr
대학,부산장신대학교,본교,대학교,경남,사립,경상남도 김해시 김해대로 1894-68 (구산동) ,www.bpu.ac.kr
대학,금강대학교,본교,대학교,충남,사립,"충청남도 논산시 상월면 상월로 522 (대명리, 금강대학교) ",www.ggu.ac.kr
대학,예수대학교,본교,대학교,전북,사립,"전라북도 전주시 완산구 서원로 383 (중화산동1가, 예수대학교) ",www.jesus.ac.kr
대학,광주대학교,본교,대학교,광주,사립,"광주광역시 남구 효덕로 277 (진월동, 광주대학교) ",www.gwangju.ac.kr
대학,화성의과학대학교,본교,대학교,경기,사립,경기도 화성시 남양읍 남양중앙로 400-5 ,www.hsmu.ac.kr/
대학,동명대학교,본교,대학교,부산,사립,"부산광역시 남구 신선로 428 (용당동, 동명대학교) ",www.tu.ac.kr
대학,대전신학대학교,본교,대학교,대전,사립,"대전광역시 대덕구 한남로 41 (오정동, 대전신학대학교) ",www.daejeon.ac.kr
대학,중원대학교,본교,대학교,충북,사립,"충청북도 괴산군 괴산읍 문무로 85 (동부리, 중원대학교) ",www.jwu.ac.kr
대학,우송대학교,본교,대학교,대전,사립,"대전광역시 동구 동대전로 171 (자양동, 우송정보대학) ",www.wsu.ac.kr
대학,김천대학교,본교,대학교,경북,사립,"경상북도 김천시 대학로 214 (삼락동, 김천대학교) ",www.gimcheon.ac.kr
대학,송원대학교,본교,대학교,광주,사립,"광주광역시 남구 송암로 73 (송하동, 송원대학) ",www.songwon.ac.kr
대학,경운대학교,본교,대학교,경북,사립,"경상북도 구미시 산동면 강동로 730 (인덕리, 경운대학교) ",www.ikw.ac.kr
대학,남서울대학교,본교,대학교,충남,사립,"충청남도 천안시 서북구 성환읍 대학로 91 (매주리, 남서울대학교) ",www.nsu.ac.kr/
대학,초당대학교,본교,대학교,전남,사립,"전라남도 무안군 무안읍 무안로 380 (성남리, 초당대학교) ",www.cdu.ac.kr
대학,한국공학대학교,본교,대학교,경기,사립,경기도 시흥시 산기대학로 237 (정왕동) ,www.tukorea.ac.kr
대학,제주국제대학교,본교,대학교,제주,사립,제주특별자치도 제주시 516로 2870 (영평동) ,www.jeju.ac.kr
대학,창신대학교,본교,대학교,경남,사립,"경상남도 창원시 마산회원구 팔용로 262 (합성동, 창신대학) ",www.cs.ac.kr
대학,울산과학기술원,본교,대학교,울산,특별법법인,"울산광역시 울주군 언양읍 유니스트길 50 (반연리, 울산과학기술원) ",www.unist.ac.kr
대학,공주교육대학교,본교,교육대학,충남,국립,"충청남도 공주시 웅진로 27 (봉황동, 공주교육대학교) ",www.gjue.ac.kr
대학,광주교육대학교,본교,교육대학,광주,국립,"광주광역시 북구 필문대로 55 (풍향동, 광주교육대학교) ",www.gnue.ac.kr
대학,대구교육대학교,본교,교육대학,대구,국립,"대구광역시 남구 중앙대로 219 (대명동, 대구교육대학교) ",www.dnue.ac.kr
대학,부산교육대학교,본교,교육대학,부산,국립,"부산광역시 연제구 교대로 24 (거제동, 부산교육대학교) 교무처",www.bnue.ac.kr
대학,서울교육대학교,본교,교육대학,서울,국립,"서울특별시 서초구 서초중앙로 96 (서초동, 서울교육대학교) ",www.snue.ac.kr
대학,경인교육대학교,본교,교육대학,인천,국립,"인천광역시 계양구 계산로 62 (계산동, 경인교육대학교) ",www.ginue.ac.kr
대학,경인교육대학교,제2캠퍼스,교육대학,경기,국립,"경기도 안양시 만안구 삼막로 155 (석수동, 경인교육대학교) ",www.ginue.ac.kr
대학,전주교육대학교,본교,교육대학,전북,국립,"전라북도 전주시 완산구 서학로 50 (동서학동, 전주교육대학교) ",www.jnue.kr
대학,진주교육대학교,본교,교육대학,경남,국립,"경상남도 진주시 진양호로369번길 3 (신안동, 진주교육대학교) ",www.cue.ac.kr
대학,청주교육대학교,본교,교육대학,충북,국립,"충청북도 청주시 서원구 청남로 2065 (수곡동, 청주교육대학교) ",www.cje.ac.kr
대학,춘천교육대학교,본교,교육대학,강원,국립,강원특별자치도 춘천시 공지로 126 (석사동) ,www.cnue.ac.kr
대학,한국방송통신대학교,본교,방송통신대학,서울,국립,"서울특별시 종로구 대학로 86 (동숭동, 한국방송통신대학교) ",www.knou.ac.kr
대학,호원대학교,본교,산업대학,전북,사립,"전라북도 군산시 임피면 호원대3길 64 (월하리, 호원대학교) ",www.howon.ac.kr
대학,청운대학교,본교,산업대학,충남,사립,"충청남도 홍성군 홍성읍 대학길 25 (남장리, 청운대학교) ",www.chungwoon.ac.kr
대학,정석대학,본교,기술대학,서울,사립,서울특별시 강서구 오정로 576 (공항동) ,
대학,순복음총회신학교,본교,각종학교(대학),충북,사립,충청북도 제천시 덕산면 도전로 320 (도전리) ,www.kcc.ac.kr
대학,경희사이버대학교,본교,사이버대학(대학),서울,사립,"서울특별시 동대문구 경희대로 26 (회기동, 경희사이버대학교) ",www.khcu.ac.kr
대학,국제사이버대학교,본교,사이버대학(대학),경기,사립,경기도 수원시 팔달구 경수대로 490 (인계동) ,www.gjcu.ac.kr
대학,대구사이버대학교,본교,사이버대학(대학),경북,사립,"경상북도 경산시 진량읍 대구대로 201 (내리리, 대구대학교경산캠퍼스) ",www.dcu.ac.kr
대학,부산디지털대학교,본교,사이버대학(대학),부산,사립,"부산광역시 사상구 주례로 57 (주례동, 부산디지털대학교) ",www.bdu.ac.kr
대학,서울디지털대학교,본교,사이버대학(대학),서울,사립,"서울특별시 강서구 공항대로 424 (화곡동, 서울디지털대학교) ",www.sdu.ac.kr
대학,서울사이버대학교,본교,사이버대학(대학),서울,사립,"서울특별시 강북구 솔매로49길 60 (미아동, 서울사이버대학교) ",www.iscu.ac.kr
대학,세종사이버대학교,본교,사이버대학(대학),서울,사립,"서울특별시 광진구 군자로 121 (군자동, 세종사이버대학) ",sjcu.ac.kr/
대학,한국열린사이버대학교,본교,사이버대학(대학),서울,사립,"서울특별시 중랑구 망우로 353, C동 9층(상봉프레미어스엠코) ",www.ocu.ac.kr
대학,원광디지털대학교,본교,사이버대학(대학),전북,사립,"전라북도 익산시 익산대로 460 (신동, 원광디지털대학교) ",www.wdu.ac.kr
대학,고려사이버대학교,본교,사이버대학(대학),서울,사립,"서울특별시 종로구 북촌로 106 (계동, 고려사이버대학교) ",www.cuk.edu
대학,숭실사이버대학교,본교,사이버대학(대학),서울,사립,"서울특별시 종로구 삼일대로30길 23 (익선동, BIZWELL종로오피스텔) ",www.kcu.ac
대학,디지털서울문화예술대학교,본교,사이버대학(대학),서울,사립,"서울특별시 서대문구 통일로37길 60 (홍제동, 디지털서울문화예술대학교) ",www.scau.ac.kr
대학,한양사이버대학교,본교,사이버대학(대학),서울,사립,"서울특별시 성동구 왕십리로 220 (행당동, 한양사이버대학교) ",www.hycu.ac.kr
대학,사이버한국외국어대학교,본교,사이버대학(대학),서울,사립,"서울특별시 동대문구 이문로 107 (이문동, 한국외국어대학교) ",www.cufs.ac.kr
대학,화신사이버대학교,본교,사이버대학(대학),부산,사립,"부산광역시 연제구 고분로191번길 1 (연산동, 화신사이버대학교) ",www.hscu.ac.kr
대학,글로벌사이버대학교,본교,사이버대학(대학),충남,사립,"충청남도 천안시 동남구 목천읍 교천지산길 284-88 (지산리, 글로벌사이버대학교) ",www.global.ac.kr
대학,건양사이버대학교,본교,사이버대학(대학),대전,사립,"대전광역시 서구 관저동로 158 (관저동, 건양대학교병원) 건양사이버대학교",www.kycu.ac.kr
대학,한국과학기술원,본교,대학교,대전,특별법법인,"대전광역시 유성구 대학로 291 (구성동, 한국과학기술원) ",www.kaist.ac.kr
대학,광주과학기술원,본교,대학교,광주,특별법법인,"광주광역시 북구 첨단과기로 123 (오룡동, 광주과학기술원) ",www.gist.ac.kr
대학,대구경북과학기술원,본교,대학교,대구,특별법법인,대구광역시 달성군 현풍읍 테크노중앙대로 333 ,www.dgist.ac.kr
대학,한국예술종합학교,본교,각종학교(대학),서울,특별법국립,"서울특별시 성북구 화랑로32길 146-37 (석관동, 한국종합예술학교) ",Karts.ac.kr/
전문대학,경남도립거창대학,본교,전문대학,경남,공립,"경상남도 거창군 거창읍 거창대학로 72 (대평리, 경남도립거창대학) ",www.gc.ac.kr
전문대학,경남도립남해대학,본교,전문대학,경남,공립,"경상남도 남해군 남해읍 화전로78번길 30 (남변리, 경남도립남해대학) ",univ.namhae.ac.kr
전문대학,경북도립대학교,본교,전문대학,경북,공립,"경상북도 예천군 예천읍 도립대학길 114 (청복리, 경북도립대학교) ",www.gpc.ac.kr
전문대학,충북도립대학교,본교,전문대학,충북,공립,충청북도 옥천군 옥천읍 대학길 15 (문정리) ,www.cpu.ac.kr
전문대학,가톨릭상지대학교,본교,전문대학,경북,사립,"경상북도 안동시 상지길 45 (율세동, 가톨릭상지대학교) ",www.csj.ac.kr
전문대학,거제대학교,본교,전문대학,경남,사립,"경상남도 거제시 마전1길 91 (장승포동, 거제대학) ",www.koje.ac.kr
전문대학,호산대학교,본교,전문대학,경북,사립,"경상북도 경산시 하양읍 대경로105길 19 (부호리, 호산대학교) ",www.hosan.ac.kr
전문대학,경민대학교,본교,전문대학,경기,사립,"경기도 의정부시 서부로 545 (가능동, 경민대학) ",www.kyungmin.ac.kr
전문대학,영남외국어대학,본교,전문대학,경북,사립,"경상북도 경산시 남천면 남천로 780-9 (협석리, 영남외국어대학) ",www.yflc.ac.kr
전문대학,경인여자대학교,본교,전문대학,인천,사립,"인천광역시 계양구 계양산로 63 (계산동, 경인여자대학) ",www.kiwu.ac.kr
전문대학,계명문화대학교,본교,전문대학,대구,사립,"대구광역시 달서구 달서대로 675 (신당동, 계명문화대학교) ",www.kmcu.ac.kr
전문대학,계원예술대학교,본교,전문대학,경기,사립,"경기도 의왕시 계원대학로 66 (내손동, 계원예술대학교) ",www.kaywon.ac.kr
전문대학,광양보건대학교,본교,전문대학,전남,사립,"전라남도 광양시 광양읍 대학로 85 (덕례리, 광양보건대학) ",www.gy.ac.kr
전문대학,광주보건대학교,본교,전문대학,광주,사립,"광주광역시 광산구 북문대로419번길 73 (신창동, 광주보건대학) ",www.ghu.ac.kr
전문대학,구미대학교,본교,전문대학,경북,사립,"경상북도 구미시 야은로 37 (부곡동, 구미대학교) ",www.gumi.ac.kr
전문대학,군장대학교,본교,전문대학,전북,사립,"전라북도 군산시 성산면 군장대길 13 (도암리, 군장대학) ",www.kunjang.ac.kr
전문대학,강동대학교,본교,전문대학,충북,사립,"충청북도 음성군 감곡면 대학길 278 (단평리, 강동대학교) ",www.gangdong.ac.kr
전문대학,나주대학교,본교,전문대학,전남,사립,"전라남도 나주시 다시면 백호로 125 (복암리, 고구려대학) ",www.naju.ac.kr
전문대학,전주기전대학,본교,전문대학,전북,사립,"전라북도 전주시 완산구 전주천서로 267 (중화산동1가, 전주기전대학) ",www.kijeon.ac.kr
전문대학,경북보건대학교,본교,전문대학,경북,사립,"경상북도 김천시 대학로 168 (삼락동, 경북보건대학교) ",www.gch.ac.kr
전문대학,김포대학교,본교,전문대학,경기,사립,경기도 김포시 모담공원로 10 (운양동) ,ukp.ac.kr
전문대학,농협대학교,본교,전문대학,경기,사립,"경기도 고양시 덕양구 서삼릉길 281 (원당동, 농협대학) ",www.nonghyup.ac.kr
전문대학,대경대학교,본교,전문대학,경북,사립,"경상북도 경산시 자인면 단북1길 65 (단북리, 대경대학) ",www.tk.ac.kr
전문대학,대구공업대학교,본교,전문대학,대구,사립,"대구광역시 달서구 송현로 205 (본동, 대구공업대학) ",www.ttc.ac.kr
전문대학,대구보건대학교,본교,전문대학,대구,사립,"대구광역시 북구 영송로 15 (태전동, 대구보건대학) ",www.dhc.ac.kr
전문대학,대구과학대학교,본교,전문대학,대구,사립,"대구광역시 북구 영송로 47 (태전동, 대구과학대학) ",www.tsu.ac.kr
전문대학,대동대학교,본교,전문대학,부산,사립,"부산광역시 금정구 동부곡로27번길 88 (부곡동, 대동대학교) ",www.daedong.ac.kr
전문대학,대림대학교,본교,전문대학,경기,사립,"경기도 안양시 동안구 임곡로 29 (비산동, 대림대학교) ",www.daelim.ac.kr
전문대학,대원대학교,본교,전문대학,충북,사립,"충청북도 제천시 대학로 316 (신월동, 대원대학) ",www.daewon.ac.kr
전문대학,동서울대학교,본교,전문대학,경기,사립,"경기도 성남시 수정구 복정로 76 (복정동, 동서울대학) ",www.du.ac.kr
전문대학,대전보건대학교,본교,전문대학,대전,사립,"대전광역시 동구 충정로 21 (가양동, 대전보건대학) ",www.hit.ac.kr
전문대학,우송정보대학,본교,전문대학,대전,사립,대전광역시 동구 백룡로 59(자양동 101-17) 우송정보대학 ,www.wsi.ac.kr
전문대학,대전과학기술대학교,본교,전문대학,대전,사립,"대전광역시 서구 혜천로 100 (복수동, 대전과학기술대학교) ",www.dst.ac.kr
전문대학,아주자동차대학교,본교,전문대학,충남,사립,충청남도 보령시 주포면 대학길 106 ,www.motor.ac.kr
전문대학,재능대학교,본교,전문대학,인천,사립,"인천광역시 동구 재능로 178 (송림동, 재능대학) ",www.jeiu.ac.kr
전문대학,경북과학대학교,본교,전문대학,경북,사립,"경상북도 칠곡군 기산면 지산로 634 (봉산리, 경북과학대학교) ",www.kbsc.ac.kr
전문대학,동남보건대학교,본교,전문대학,경기,사립,"경기도 수원시 장안구 천천로74번길 50 (정자동, 동남보건전문대학) ",www.dongnam.ac.kr
전문대학,동강대학교,본교,전문대학,광주,사립,"광주광역시 북구 동문대로 50 (풍향동, 동강대학) ",www.dkc.ac.kr
전문대학,동아방송예술대학교,본교,전문대학,경기,사립,"경기도 안성시 삼죽면 동아예대길 47 (진촌리, 동아방송예술대학교) ",www.dima.ac.kr
전문대학,동아보건대학교,본교,전문대학,전남,사립,"전라남도 영암군 학산면 영산로 76-57 (독천리, 동아보건대학교) ",www.duh.ac.kr
전문대학,동양미래대학교,본교,전문대학,서울,사립,"서울특별시 구로구 경인로 445 (고척동, 동양미래대학) ",www.dongyang.ac.kr/
전문대학,동원대학교,본교,전문대학,경기,사립,"경기도 광주시 곤지암읍 경충대로 26 (신촌리, 동원대학) ",www.tw.ac.kr
전문대학,동의과학대학교,본교,전문대학,부산,사립,"부산광역시 부산진구 양지로 54 (양정동, 동의과학대학) ",www.dit.ac.kr
전문대학,부산보건대학교,본교,전문대학,부산,사립,"부산광역시 사하구 사리로55번길 16 (괴정동, 동주대학) ",www.bhu.ac.kr/
전문대학,두원공과대학교,본교,전문대학,경기,사립,"경기도 안성시 죽산면 관음당길 51 (장원리, 두원공과대학교) ",www.doowon.ac.kr
전문대학,마산대학교,본교,전문대학,경남,사립,"경상남도 창원시 마산회원구 내서읍 함마대로 2640 (용담리, 마산대학) ",www.masan.ac.kr
전문대학,명지전문대학,본교,전문대학,서울,사립,"서울특별시 서대문구 가좌로 134 (홍은동, 명지전문대학) ",www.mjc.ac.kr
전문대학,목포과학대학교,본교,전문대학,전남,사립,"전라남도 목포시 영산로 413-1 (상동, 목포과학대학) ",www.msu.ac.kr
전문대학,문경대학교,본교,전문대학,경북,사립,경상북도 문경시 호계면 대학길 161 (별암리) ,www.mkc.ac.kr
전문대학,배화여자대학교,본교,전문대학,서울,사립,"서울특별시 종로구 필운대로1길 34 (필운동, 배화여자대학) ",www.baewha.ac.kr
전문대학,백제예술대학교,본교,전문대학,전북,사립,"전라북도 완주군 봉동읍 백제대학로 171 (제내리, 백제예술대학) ",www.paekche.ac.kr
전문대학,부산경상대학교,본교,전문대학,부산,사립,"부산광역시 연제구 고분로 170 (연산동, 부산경상대학) ",www.bsks.ac.kr
전문대학,부산여자대학교,본교,전문대학,부산,사립,"부산광역시 부산진구 진남로 506 (양정동, 부산여자대학) ",www.bwc.ac.kr
전문대학,부산과학기술대학교,본교,전문대학,부산,사립,"부산광역시 북구 시랑로132번길 88 (구포동, 부산과학기술대학교) ",bist.ac.kr
전문대학,부천대학교,본교,전문대학,경기,사립,"경기도 부천시 원미구 신흥로56번길 25 (심곡동, 부천대학) ",www.bc.ac.kr
전문대학,삼육보건대학교,본교,전문대학,서울,사립,"서울특별시 동대문구 망우로 82 (휘경동, 삼육보건대학) 삼육보건대학교",www.shu.ac.kr
전문대학,서울예술대학교,본교,전문대학,경기,사립,"경기도 안산시 단원구 예술대학로 171 (고잔동, 서울예술대학) ",www.seoularts.ac.kr
전문대학,서일대학교,본교,전문대학,서울,사립,서울특별시 중랑구 용마산로90길 28 (면목동) ,www.seoil.ac.kr
전문대학,수원여자대학교,본교,전문대학,경기,사립,"경기도 수원시 권선구 온정로 72 (오목천동, 수원여자대학) ",www.swc.ac.kr
전문대학,수원과학대학교,본교,전문대학,경기,사립,"경기도 화성시 정남면 세자로 288 (보통리, 수원과학대학) ",www.ssc.ac.kr
전문대학,순천제일대학교,본교,전문대학,전남,사립,"전라남도 순천시 제일대학길 17 (덕월동, 순천제일대학) ",www.suncheon.ac.kr
전문대학,숭의여자대학교,본교,전문대학,서울,사립,"서울특별시 중구 소파로2길 10 (예장동, 숭의여자대학) ",www.sewu.ac.kr
전문대학,신구대학교,본교,전문대학,경기,사립,"경기도 성남시 중원구 광명로 377 (금광동, 신구대학) ",www.shingu.ac.kr
전문대학,신성대학교,본교,전문대학,충남,사립,"충청남도 당진시 정미면 대학로 1 (덕마리, 신성대학교) ",www.shinsung.ac.kr
전문대학,신안산대학교,본교,전문대학,경기,사립,"경기도 안산시 단원구 신안산대학로 135 (초지동, 신안산대학교) ",www.sau.ac.kr
전문대학,안산대학교,본교,전문대학,경기,사립,"경기도 안산시 상록구 안산대학로 155 (일동, 안산대학교) ",www.ansan.ac.kr
전문대학,동원과학기술대학교,본교,전문대학,경남,사립,"경상남도 양산시 명곡로 321 (명곡동, 동원과학기술대학교) ",www.dist.ac.kr
전문대학,여주대학교,본교,전문대학,경기,사립,"경기도 여주시 세종로 338 (교동, 여주대학교) ",www.yit.ac.kr
전문대학,연암대학교,본교,전문대학,충남,사립,"충청남도 천안시 서북구 성환읍 연암로 313 (수향리, 천안연암대학) ",www.yonam.ac.kr
전문대학,영남이공대학교,본교,전문대학,대구,사립,"대구광역시 남구 현충로 170 (대명동, 영남이공대학) ",www.ync.ac.kr
전문대학,강릉영동대학교,본교,전문대학,강원,사립,강원특별자치도 강릉시 공제로 357 (홍제동) ,www.gyu.ac.kr
전문대학,세경대학교,본교,전문대학,강원,사립,강원특별자치도 영월군 영월읍 하송로 197 ,www.saekyung.ac.kr
전문대학,영진전문대학교,본교,전문대학,대구,사립,"대구광역시 북구 복현로 35 (복현동, 영진전문대학) ",www.yju.ac.kr
전문대학,용인예술과학대학교,본교,전문대학,경기,사립,"경기도 용인시 처인구 동부로 61 (마평동, 용인송담대학교) ",www.ysc.ac.kr
전문대학,울산과학대학교,본교,전문대학,울산,사립,"울산광역시 동구 봉수로 101 (화정동, 울산과학대학동부캠퍼스) ",www.uc.ac.kr
전문대학,한국영상대학교,본교,전문대학,세종,사립,"세종특별자치시 장군면 대학길 300 (금암리, 한국영상대학) ",www.pro.ac.kr
전문대학,원광보건대학교,본교,전문대학,전북,사립,"전라북도 익산시 익산대로 514 (신용동, 원광보건대학) ",www.wu.ac.kr
전문대학,유한대학교,본교,전문대학,경기,사립,"경기도 부천시 소사구 경인로 590 (괴안동, 유한대학) ",www.yuhan.ac.kr
전문대학,인덕대학교,본교,전문대학,서울,사립,"서울특별시 노원구 초안산로 12 (월계동, 인덕대학) ",www.induk.ac.kr
전문대학,장안대학교,본교,전문대학,경기,사립,"경기도 화성시 봉담읍 삼천병마로 1182 (상리, 장안대학) ",www.jangan.ac.kr
전문대학,전남과학대학교,본교,전문대학,전남,사립,전라남도 곡성군 옥과면 대학로 113 (옥과리) ,www.cntu.ac.kr
전문대학,전주비전대학교,본교,전문대학,전북,사립,"전라북도 전주시 완산구 천잠로 235 (효자동2가, 전주비전대학) ",www.jvision.ac.kr
전문대학,전북과학대학교,본교,전문대학,전북,사립,"전라북도 정읍시 정읍사로 509 (시기동, 전북과학대학) ",www.jbsc.ac.kr
전문대학,제주관광대학교,본교,전문대학,제주,사립,"제주특별자치도 제주시 애월읍 평화로 2715 (광령리, 제주관광대학) ",www.jtu.ac.kr
전문대학,조선이공대학교,본교,전문대학,광주,사립,광주광역시 동구 조선이공대길 11(서석동) 조선이공대학교 ,www.cst.ac.kr
전문대학,충북보건과학대학교,본교,전문대학,충북,사립,"충청북도 청주시 청원구 내수읍 덕암길 10 (덕암리, 충북보건과학대학교) ",www.chsu.ac.kr
전문대학,진주보건대학교,본교,전문대학,경남,사립,"경상남도 진주시 의병로 51 (상봉동, 진주보건대학) ",www.jhc.ac.kr
전문대학,창원문성대학교,본교,전문대학,경남,사립,경상남도 창원시 성산구 충혼로 91(두대동) ,www.cmu.ac.kr
전문대학,백석문화대학교,본교,전문대학,충남,사립,충청남도 천안시 동남구 백석대학로 1 (안서동) ,www.bscu.ac.kr
전문대학,청강문화산업대학교,본교,전문대학,경기,사립,"경기도 이천시 마장면 청강가창로 389-94 (해월리, 청강문화산업대학) ",www.ck.ac.kr
전문대학,춘해보건대학교,본교,전문대학,울산,사립,"울산광역시 울주군 웅촌면 대학길 9 (곡천리, 춘해보건대학) ",www.ch.ac.kr
전문대학,대덕대학교,본교,전문대학,대전,사립,"대전광역시 유성구 가정북로 68 (장동, 대덕대학) ",www.ddu.ac.kr
전문대학,충청대학교,본교,전문대학,충북,사립,"충청북도 청주시 흥덕구 강내면 월곡길 38 (월곡리, 충청대학) ",www.ok.ac.kr
전문대학,국제대학교,본교,전문대학,경기,사립,"경기도 평택시 장안웃길 56 (장안동, 국제대학교) ",www.kookje.ac.kr
전문대학,선린대학교,본교,전문대학,경북,사립,"경상북도 포항시 북구 흥해읍 초곡길36번길 30 (초곡리, 선린대학) ",www.sunlin.ac.kr
전문대학,한림성심대학교,본교,전문대학,강원,사립,강원특별자치도 춘천시 동면 장학길 48 ,www.hsc.ac.kr
전문대학,한양여자대학교,본교,전문대학,서울,사립,"서울특별시 성동구 살곶이길 200 (사근동, 한양여자대학) ",www.hywoman.ac.kr
전문대학,한영대학교,본교,전문대학,전남,사립,"전라남도 여수시 장군산길 18-43 (여서동, 한영대학) ",www.hanyeong.ac.kr
전문대학,혜전대학교,본교,전문대학,충남,사립,충청남도 홍성군 홍성읍 대학1길 19 ,www.hj.ac.kr
전문대학,경기과학기술대학교,본교,전문대학,경기,사립,"경기도 시흥시 경기과기대로 269 (정왕동, 경기과학기술대학교) ",www.gtec.ac.kr
전문대학,부산예술대학교,본교,전문대학,부산,사립,"부산광역시 남구 못골번영로71번길 74 (대연동, 부산예술대학) ",www.busanarts.ac.kr
전문대학,전남도립대학교,본교,전문대학,전남,공립,"전라남도 담양군 담양읍 죽녹원로 152 (향교리, 전남도립대학) ",www.dorip.ac.kr
전문대학,송호대학교,본교,전문대학,강원,사립,강원특별자치도 횡성군 횡성읍 남산로 210 ,www.songho.ac.kr
전문대학,한국관광대학교,본교,전문대학,경기,사립,"경기도 이천시 신둔면 이장로311번길 197-73 (고척리, 한국관광대학) ",www.ktc.ac.kr
전문대학,서정대학교,본교,전문대학,경기,사립,경기도 양주시 은현면 서정로 27 ,www.seojeong.ac.kr
전문대학,송곡대학교,본교,전문대학,강원,사립,강원특별자치도 춘천시 남산면 송곡대학길 34 ,www.songgok.ac.kr
전문대학,웅지세무대학교,본교,전문대학,경기,사립,"경기도 파주시 탄현면 웅지로144번길 73 (금승리, 웅지세무대학) ",www.wat.ac.kr
전문대학,김해대학교,본교,전문대학,경남,사립,"경상남도 김해시 삼안로112번길 198 (삼방동, 김해대학교) ",www.gimhae.ac.kr
전문대학,한국승강기대학교,본교,전문대학,경남,사립,"경상남도 거창군 거창읍 운정1길 120 (송정리, 한국승강기대학) ",www.klc.ac.kr
전문대학,영진사이버대학교,본교,사이버대학(전문),대구,사립,"대구광역시 북구 복현로 35 (복현동, 영진전문대학) ",www.ycc.ac.kr
전문대학,한국복지사이버대학교,본교,사이버대학(전문),경북,사립,경상북도 경산시 남천면 남천로 746-10 (협석리) ,www.corea.ac.kr
전문대학,한국골프과학기술대학교,본교,전문대학,강원,사립,강원특별자치도 횡성군 우천면 하대5길 109 한국골프과학기술대학교,www.kg.ac.kr
전문대학,ICT폴리텍대학,본교,기능대학,경기,사립,경기도 광주시 순암로 16-26 (역동) ICT폴리텍대학,www.ict.ac.kr
전문대학,한국폴리텍 I 대학 서울정수캠퍼스,본교,기능대학,서울,사립,"서울특별시 용산구 보광로 73 (보광동, 한국폴리텍1대학서울정수캠퍼스) ",www.kopo.ac.kr/jungsu/index.do
전문대학,한국폴리텍 I 대학 서울강서캠퍼스,본교,기능대학,서울,사립,"서울특별시 강서구 우장산로10길 112 (화곡동, 한국폴리텍Ⅰ서울강서대학) ",kangseo.kopo.ac.kr
전문대학,한국폴리텍 I 대학 성남캠퍼스,본교,기능대학,경기,사립,"경기도 성남시 수정구 수정로 398 (산성동, 한국폴리텍I대학성남캠퍼스) ",seongnam.kopo.ac.kr/
전문대학,한국폴리텍 II 대학 인천캠퍼스,본교,기능대학,인천,사립,"인천광역시 부평구 무네미로448번길 56 (구산동, 한국폴리텍Ⅱ대학) ",www.kopo.ac.kr/incheon
전문대학,한국폴리텍 II 대학 남인천캠퍼스,본교,기능대학,인천,사립,"인천광역시 남구 염전로333번길 23 (주안동, 한국폴리텍Ⅱ대학(남인천캠퍼스)) ",www.kopo.ac.kr/namincheon/index.do
전문대학,한국폴리텍 III 대학 춘천캠퍼스,본교,기능대학,강원,사립,강원특별자치도 춘천시 동산면 영서로 1290-31 ,www.kopo.ac.kr/chuncheon/index.do
전문대학,한국폴리텍 III 대학 강릉캠퍼스,본교,기능대학,강원,사립,강원특별자치도 강릉시 남산초교길 121 (노암동) 한국폴리텍대학 강릉캠퍼스,kopo.ac.kr/gangneung
전문대학,한국폴리텍 IV 대학 대전캠퍼스,본교,기능대학,대전,사립,"대전광역시 동구 우암로 352-21 (가양동, 한국폴리텍IV대학) ",www.kopo.ac.kr
전문대학,한국폴리텍 IV 대학 청주캠퍼스,본교,기능대학,충북,사립,"충청북도 청주시 흥덕구 산단로 54 (송정동, 한국폴리텍Ⅳ대학청주캠퍼스) ",kopo.ac.kr/cheongju
전문대학,한국폴리텍 IV 대학 아산캠퍼스,본교,기능대학,충남,사립,"충청남도 아산시 신창면 행목로 45 (행목리, 한국폴리텍Ⅳ대학아산캠퍼스) ",kopo.ac.kr/asan
전문대학,한국폴리텍 IV 대학 충남캠퍼스,본교,기능대학,충남,사립,충청남도 홍성군 홍성읍 충서로 1200 한국폴리텍대학 충남캠퍼스,www.kopo.ac.kr/chungnam
전문대학,한국폴리텍 V 대학 광주캠퍼스,본교,기능대학,광주,사립,"광주광역시 북구 하서로 85 (운암동, 한국폴리텍V대학) ",www.kopo.ac.kr/gwangju
전문대학,한국폴리텍 V 대학 전북캠퍼스,본교,기능대학,전북,사립,"전라북도 김제시 백학제길 154 (백학동, 한국폴리텍V대학) ",www.kopo.ac.kr/jb/index.do
전문대학,한국폴리텍 V 대학 전남캠퍼스,본교,기능대학,전남,사립,전라남도 무안군 청계면 영산로 1854-16 한국폴리텍V대학 전남캠퍼스,www.kopo.ac.kr/jeonnam
전문대학,한국폴리텍 V 대학 익산캠퍼스,본교,기능대학,전북,사립,"전라북도 익산시 선화로 579 (어양동, 한국폴리텍V대학) ",www.kopo.ac.kr/iksan
전문대학,한국폴리텍 VI 대학 대구캠퍼스,본교,기능대학,대구,사립,"대구광역시 서구 국채보상로43길 15 (평리동, 한국폴리텍6대학) ",daegu.kopo.ac.kr
전문대학,한국폴리텍 VI 대학 구미캠퍼스,본교,기능대학,경북,사립,"경상북도 구미시 수출대로3길 84 (공단동, 한국폴리텍ⅵ대학구미캠퍼스) ",kopo.ac.kr/gumi
전문대학,한국폴리텍 VII 대학 창원캠퍼스,본교,기능대학,경남,사립,"경상남도 창원시 성산구 외동반림로 51-88 (중앙동, 한국폴리텍VII대학) ",changwon.kopo.ac.kr
전문대학,한국폴리텍 VII 대학 부산캠퍼스,본교,기능대학,부산,사립,"부산광역시 북구 만덕대로155번길 99 (덕천동, 한국폴리텍VII대학부산캠퍼스) ",www.kopo.ac.kr/busan
전문대학,한국폴리텍 VII 대학 울산캠퍼스,본교,기능대학,울산,사립,"울산광역시 중구 산전길 155 (동동, 한국폴리텍7대학울산캠퍼스) ",kopo.ac.kr/ulsan
전문대학,한국폴리텍 특성화대학 바이오캠퍼스,본교,기능대학,충남,사립,충청남도 논산시 강경읍 동안로112번길 48 ,kopo.ac.kr/bio
전문대학,한국폴리텍 VI 대학 영남융합기술캠퍼스,본교,기능대학,대구,사립,대구광역시 동구 팔공로 222(봉무동) ,kopo.ac.kr/yct
전문대학,한국폴리텍 특성화대학 반도체융합캠퍼스,본교,기능대학,경기,사립,경기도 안성시 공도읍 송원길 41-12 ,www.kopo.ac.kr/semi
전문대학,한국폴리텍 특성화대학 항공캠퍼스,본교,기능대학,경남,사립,"경상남도 사천시 대학길 46 (이금동, 한국폴리텍항공대학) ",www.kopo.ac.kr/kapc
대학,경동대학교,제2캠퍼스,대학교,강원,사립,강원특별자치도 속초시 도리원길 5 (노학동) ,www.kduniv.ac.kr
대학,경동대학교,제3캠퍼스,대학교,강원,사립,강원특별자치도 원주시 문막읍 견훤로 815 ,www.kduniv.ac.kr
전문대학,강원도립대학교,본교,전문대학,강원,공립,강원특별자치도 강릉시 주문진읍 연주로 270 ,www.gw.ac.kr
전문대학,경남정보대학교,본교,전문대학,부산,사립,"부산광역시 사상구 주례로 45 (주례동, 경남정보대학교) ",www.kit.ac.kr
전문대학,경복대학교,본교,전문대학,경기,사립,"경기도 남양주시 진접읍 경복대로 425 (금곡리, 경복대학교) ",www.kbu.ac.kr
전문대학,경북전문대학교,본교,전문대학,경북,사립,"경상북도 영주시 대학로 77 (휴천동, 경북전문대학교) ",www.kbc.ac.kr
전문대학,서영대학교,본교,전문대학,광주,사립,"광주광역시 북구 서강로 1 (운암동, 서영대학교) ",www.seoyeong.ac.kr
전문대학,성운대학교,본교,전문대학,경북,사립,"경상북도 영천시 신녕면 대학길 105 (화남리, 성덕대학교) ",www.sw.ac.kr
전문대학,수성대학교,본교,전문대학,대구,사립,"대구광역시 수성구 달구벌대로528길 15 (만촌동, 수성대학교) ",www.sc.ac.kr
전문대학,안동과학대학교,본교,전문대학,경북,사립,"경상북도 안동시 서후면 서선길 189 (교리, 안동과학대학교) ",www.asc.ac.kr
전문대학,연성대학교,본교,전문대학,경기,사립,"경기도 안양시 만안구 양화로37번길 34 (안양동, 연성대학교) ",www.yeonsung.ac.kr
전문대학,연암공과대학교,본교,전문대학,경남,사립,"경남 진주시 진주대로 629번길 35(가좌동, 연암공과대학교) ",www.yc.ac.kr
전문대학,오산대학교,본교,전문대학,경기,사립,"경기도 오산시 청학로 45 (청학동, 오산대학) ",www.osan.ac.kr
전문대학,인하공업전문대학,본교,전문대학,인천,사립,"인천광역시 미추홀구 인하로 100 (용현동, 인하대,인하공전,정석항공고) 인하공업전문대학",www.inhatc.ac.kr
전문대학,제주한라대학교,본교,전문대학,제주,사립,"제주특별자치도 제주시 한라대학로 38 (노형동, 제주한라대학) ",www.chu.ac.kr
전문대학,청암대학교,본교,전문대학,전남,사립,"전라남도 순천시 녹색로 1641 (덕월동, 순천청암대학) ",ca.ac.kr
전문대학,충남도립대학교,본교,전문대학,충남,공립,"충청남도 청양군 청양읍 학사길 55 (벽천리, 충남도립대학교) ",www.cnsu.ac.kr
전문대학,포항대학교,본교,전문대학,경북,사립,경상북도 포항시 북구 흥해읍 포항대학로 7 ,www.pohang.ac.kr
대학,인천대학교,본교,대학교,인천,국립대법인,"인천광역시 연수구 아카데미로 119 (송도동, 인천대학교) ",www.inu.ac.kr/
전문대학,한국폴리텍 VI 대학 영주캠퍼스,본교,기능대학,경북,사립,"경상북도 영주시 가흥로 2 (문정동, 한국폴리텍VI대학) ",www.kopo.ac.kr/yeongju
대학,신한대학교,본교,대학교,경기,사립,"경기도 동두천시 벌마들로40번길 30 (상패동, 신한대학교) ",www.shinhan.ac.kr/
대학,단국대학교,제2캠퍼스,대학교,충남,사립,"충청남도 천안시 동남구 단대로 119 (안서동, 단국대학교천안캠퍼스) ",www.dankook.ac.kr
대학,경동대학교,제4캠퍼스,대학교,경기,사립,경기도 양주시 경동대학로 27 (고암동) ,www.kduniv.ac.kr
대학,가야대학교(김해),본교,대학교,경남,사립,경상남도 김해시 삼계로 208 (삼계동) ,WWW.KAYA.AC.KR
대학,가야대학교(고령),제2캠퍼스,대학교,경북,사립,"경상북도 고령군 대가야읍 대가야로 1103 (지산리, 가야대학교) ",WWW.KAYA.AC.KR
대학,신한대학교,제2캠퍼스,대학교,경기,사립,"경기도 의정부시 호암로 95 (호원동, 신한대학교) ",www.shinhan.ac.kr/
전문대학,한국폴리텍 III 대학 원주캠퍼스,본교,기능대학,강원,사립,강원특별자치도 원주시 북원로2425번길 73 (우산동) ,kopo.ac.kr/wonju
대학,을지대학교,제3캠퍼스,대학교,경기,사립,경기도 의정부시 동일로 712 (금오동) ,www.eulji.ac.kr
전문대학,한국폴리텍 I 대학 제주캠퍼스,본교,기능대학,제주,사립,"제주특별자치도 제주시 산천단동3길 2 (아라일동, 한국폴리택대학제주캠퍼스) ",jeju.kopo.ac.kr
대학,홍익대학교,제2캠퍼스,대학교,세종,사립,"세종특별자치시 조치원읍 세종로 2639 (신안리, 홍익대학교세종캠퍼스) ",www.hongik.ac.kr
대학,상명대학교,제2캠퍼스,대학교,충남,사립,"충청남도 천안시 동남구 상명대길 31 (안서동, 상명대학교천안캠퍼스) ",www.smuc.ac.kr
전문대학,군산간호대학교,본교,전문대학,전북,사립,"전라북도 군산시 동개정길 7 (개정동, 군산간호대학교) ",www.kcn.ac.kr
전문대학,기독간호대학교,본교,전문대학,광주,사립,"광주광역시 남구 백서로70번길 6 (양림동, 기독간호대학) ",ccn.ac.kr
전문대학,서울여자간호대학교,본교,전문대학,서울,사립,"서울특별시 서대문구 간호대로 38 (홍제동, 서울여자간호대학교) ",www.snjc.ac.kr
전문대학,조선간호대학교,본교,전문대학,광주,사립,광주광역시 동구 조선대2길 70(서석동) 조선간호대학교,www.cnc.ac.kr
전문대학,한국폴리텍 V 대학 순천캠퍼스,본교,기능대학,전남,사립,"전라남도 순천시 기적의도서관1길 41 (조례동, 한국폴리텍대학순천캠퍼스) ",kopo.ac.kr/suncheon
전문대학,한국농수산대학교,본교,전문대학,전북,특별법국립,전라북도 전주시 덕진구 콩쥐팥쥐로 1515(중동) ,www.af.ac.kr
대학,한국전통문화대학교,본교,대학교,충남,특별법국립,"충청남도 부여군 규암면 백제문로 367 (합정리, 한국전통문화대학교) ",www.knuh.ac.kr
전문대학,한국폴리텍 특성화대학 로봇캠퍼스,본교,기능대학,경북,사립,경상북도 영천시 로봇캠퍼스로 1 (화룡동) ,www.kopo.ac.kr/robot/index.do
전문대학,한국폴리텍 II 대학 화성캠퍼스,본교,기능대학,경기,사립,경기도 화성시 팔탄면 제암고주로 108 ,www.kopo.ac.kr/hwaseong
대학,한국에너지공과대학교,본교,대학교,전남,특별법법인,전라남도 나주시 켄텍길 21(빛가람동) ,www.kentech.ac.kr/
전문대학,한국폴리텍 VII 대학 진주캠퍼스,본교,기능대학,경남,사립,경상남도 진주시 모덕로 299(하대동) 한국폴리텍대학 진주캠퍼스,jinju.kopo.ac.kr
전문대학,한국폴리텍 VII 대학 동부산캠퍼스,본교,기능대학,부산,사립,부산광역시 기장군 정관읍 산단4로 2-69 ,www.kopo.ac.kr/dongbusan
대학,태재대학교,본교,사이버대학(대학),서울,사립,서울특별시 종로구 창덕궁5길 22-8 (원서동) ,www.taejae.ac.kr
대학,영산대학교(해운대),본교,대학교,부산,사립,부산광역시 해운대구 반송순환로 142 (반송동) 영산대학교 해운대캠퍼스,www.ysu.ac.kr
대학,영산대학교(양산),제2캠퍼스,대학교,경남,사립,경상남도 양산시 주남로 288 (주남동) 영산대학교 양산캠퍼스,www.ysu.ac.kr
